<?xml version="1.0" encoding="UTF-8"?>
<project-private xmlns="http://www.netbeans.org/ns/project-private/1">
    <editor-bookmarks xmlns="http://www.netbeans.org/ns/editor-bookmarks/2" lastBookmarkId="0"/>
    <open-files xmlns="http://www.netbeans.org/ns/projectui-open-files/2">
        <group>
            <file>file:/E:/netbeans_IDE/Shehryar%20Akbar%20Shop%20system/src/IssueBook.java</file>
            <file>file:/E:/netbeans_IDE/Shehryar%20Akbar%20Shop%20system/src/Information.java</file>
            <file>file:/E:/netbeans_IDE/Shehryar%20Akbar%20Shop%20system/src/ShopMainClass.java</file>
            <file>file:/E:/netbeans_IDE/Shehryar%20Akbar%20Shop%20system/src/BuyBook.java</file>
            <file>file:/E:/netbeans_IDE/Shehryar%20Akbar%20Shop%20system/src/Data.java</file>
        </group>
    </open-files>
</project-private>
