<?xml version="1.0" encoding="UTF-8"?>
<project-private xmlns="http://www.netbeans.org/ns/project-private/1">
    <editor-bookmarks xmlns="http://www.netbeans.org/ns/editor-bookmarks/2" lastBookmarkId="0"/>
    <open-files xmlns="http://www.netbeans.org/ns/projectui-open-files/2">
        <group>
            <file>file:/D:/netbeans_IDE/Assignment1_Shehryar_Akbar/src/BankAccount.java</file>
            <file>file:/D:/netbeans_IDE/Assignment1_Shehryar_Akbar/src/FindingRoots.java</file>
        </group>
    </open-files>
</project-private>
